,sub_expression,parentheses,solver
N1_O2,0.14000000059604645,0.0,0.0
N2_O2,0.029999999329447746,0.0,0.019999999552965164
N3_O2,0.14000000059604645,0.029999999329447746,0.009999999776482582
N4_O2,0.09999999403953552,0.07999999821186066,0.019999999552965164
N5_O2,0.9300000071525574,0.0,0.0
N6_O2,1.0,0.0,0.0
