,sub_expression,parentheses,solver
N1_O2,0.03999999910593033,0.0,0.0
N2_O2,0.0,0.009999999776482582,0.019999999552965164
N3_O2,0.009999999776482582,0.009999999776482582,0.019999999552965164
N4_O2,0.029999999329447746,0.04999999701976776,0.029999999329447746
N5_O2,0.7999999523162842,0.009999999776482582,0.019999999552965164
N6_O2,0.9899999499320984,0.009999999776482582,0.0
