,sub_expression,parentheses,solver
N1_O2,0.0,0.0,0.009999999776482582
N2_O2,0.009999999776482582,0.0,0.009999999776482582
N3_O2,0.019999999552965164,0.0,0.05999999865889549
N4_O2,0.009999999776482582,0.0,0.17999999225139618
N5_O2,0.019999999552965164,0.0,0.3700000047683716
N6_O2,0.9599999785423279,0.0,0.009999999776482582
