,sub_expression,parentheses,solver
N1_O2,0,0,0.0099999998
N2_O2,0,0,0.0099999998
N3_O2,0,0,0.0599999987
N4_O2,0,0,0.1799999923
N5_O2,0.0199999996,0,0.36
N6_O2,0,0,0.49
